0,1961-04-01
1,1962-04-01
2,1963-04-01
3,1964-04-02
4,1965-04-02
5,1966-03-20
6,1967-03-30
7,1968-03-29
8,1969-04-06
9,1970-04-07
10,1971-03-30
11,1972-03-28
12,1973-03-31
13,1974-04-02
14,1975-03-29
15,1976-03-22
16,1977-03-22
17,1978-03-31
18,1979-03-23
19,1980-03-31
20,1981-03-26
21,1982-03-23
22,1983-03-31
23,1984-04-11
24,1985-04-03
25,1986-04-03
26,1987-03-23
27,1988-04-02
28,1989-03-20
29,1990-03-20
30,1991-03-30
31,1992-03-24
32,1993-03-24
33,1994-03-31
34,1995-03-31
35,1996-03-31
36,1997-03-21
37,1998-03-27
38,1999-03-24
39,2000-03-30
40,2001-03-23
41,2002-03-16
42,2003-03-27
43,2004-03-18
44,2005-03-31
45,2006-03-21
46,2007-03-20
47,2008-03-22
48,2009-03-21
49,2010-03-22
50,2011-03-28
51,2012-03-31
52,2013-03-16
53,2014-03-25
54,2015-03-23
55,2016-03-21
56,2017-03-21
